Aircraft_ID,Registration,Type,Operator,Date,Start_Time,End_Time,Duration_Min,Start_Lat,Start_Lon,End_Lat,End_Lon,Status,start_city,start_country,end_city,end_country
4.71e+28,HA-LKW,FA8X,,2024-01-05,09:33:02,18:18:28,525.4,-4.680565,55.530781,47.44383,19.22861,Landed,,Seychelle-szigetek,Budapest,Magyarország
4.71e+28,HA-LKW,FA8X,,2024-01-15,08:14:15,10:28:50,134.6,47.436859,19.239944,51.331616,0.032921,Landed,Budapest,Magyarország,London,Egyesült Királyság
4.71e+28,HA-LKW,FA8X,,2024-01-16,08:04:09,09:45:26,101.3,51.332565,0.033627,47.426966,19.287379,Landed,London,Egyesült Királyság,Ecser,Magyarország
4.71e+28,HA-LKW,FA8X,,2024-01-18,06:42:08,07:39:17,57.2,47.43822,19.237694,42.695847,23.427377,Landed,Budapest,Magyarország,Szófia,Bulgária
4.71e+28,HA-LKW,FA8X,,2024-01-18,15:17:48,16:31:31,73.7,42.696735,23.413079,47.442375,19.23107,Landed,Szófia,Bulgária,Budapest,Magyarország
4.71e+28,HA-LKW,FA8X,,2024-01-19,06:38:04,07:36:48,58.7,47.443817,19.228683,44.50161,26.094573,Landed,Budapest,Magyarország,Bukarest,Románia
4.71e+28,HA-LKW,FA8X,,2024-01-19,16:11:00,17:11:41,60.7,44.502914,26.1009,47.435989,19.241335,Landed,Bukarest,Románia,Budapest,Magyarország
4.71e+28,HA-LKW,FA8X,,2024-01-22,14:34:44,15:57:49,83.1,47.437592,19.23864,47.457962,8.551449,Landed,Budapest,Magyarország,Kloten,Svájc
4.71e+28,HA-LKW,FA8X,,2024-01-22,16:51:51,17:12:33,20.7,47.457458,8.558075,47.672161,9.513714,Landed,Kloten,Svájc,Friedrichshafen,Németország
4.71e+28,HA-LKW,FA8X,,2024-01-23,10:16:56,10:36:43,19.8,47.671214,9.511273,47.475952,8.544497,Landed,Friedrichshafen,Németország,Oberglatt,Svájc
4.71e+28,HA-LKW,FA8X,,2024-01-23,13:34:45,14:47:28,72.7,47.469315,8.553474,47.435474,19.242159,Landed,Winkel,Svájc,Budapest,Magyarország
4.71e+28,HA-LKW,FA8X,,2024-01-24,09:44:25,11:32:00,107.6,47.438828,19.236717,46.217632,7.321049,Landed,Budapest,Magyarország,Sion,Svájc
4.71e+28,HA-LKW,FA8X,,2024-01-24,12:16:11,13:29:11,73.0,46.215293,7.310371,47.443585,19.229067,Landed,Sion,Svájc,Budapest,Magyarország
4.71e+28,HA-LKW,FA8X,,2024-01-24,14:27:57,16:50:51,142.9,47.439697,19.235344,47.437374,19.239086,Landed,Budapest,Magyarország,Budapest,Magyarország
4.71e+28,HA-LKW,FA8X,,2024-01-27,08:25:15,10:03:48,1538.6,47.442782,19.23037,47.423904,19.260612,Landed,Budapest,Magyarország,Vecsés,Magyarország
4.71e+28,HA-LKW,FA8X,,2024-01-29,11:17:49,12:14:27,56.6,47.448229,19.221497,45.699085,25.516005,Landed,Budapest,Magyarország,Vidombák,Románia
4.71e+28,HA-LKW,FA8X,,2024-01-29,13:36:56,14:22:59,46.1,45.697872,25.514742,47.423091,19.261921,Landed,Vidombák,Románia,Budapest,Magyarország
4.71e+28,HA-LKW,FA8X,,2024-01-30,06:43:17,10:29:51,226.6,47.437271,19.23912,47.45787,19.205818,Landed,Budapest,Magyarország,Budapest,Magyarország
4.71e+28,HA-LKW,FA8X,,2024-02-01,17:37:24,19:23:29,106.1,47.44519,19.226418,48.96653,2.473369,Landed,Budapest,Magyarország,Aulnay-sous-Bois,Franciaország
4.71e+28,HA-LKW,FA8X,,2024-02-01,19:24:48,10:08:54,3764.1,48.965321,2.451397,46.217446,7.322079,Landed,Gonesse,Franciaország,Sion,Svájc
4.71e+28,HA-LKW,FA8X,,2024-02-04,10:43:07,12:01:21,78.2,46.215432,7.309479,47.435623,19.241884,Landed,Sion,Svájc,Budapest,Magyarország
4.71e+28,HA-LKW,FA8X,,2024-02-04,15:09:46,13:09:31,1319.7,47.443817,19.228683,47.435474,19.242176,Landed,Budapest,Magyarország,Budapest,Magyarország
4.71e+28,HA-LKW,FA8X,,2024-02-06,15:00:11,21:20:31,3260.3,47.444275,19.227928,47.430097,19.282309,Landed,Budapest,Magyarország,Ecser,Magyarország
4.71e+28,HA-LKW,FA8X,,2024-02-12,07:07:36,20:42:29,2254.9,47.437866,19.238297,47.435555,19.242056,Landed,Budapest,Magyarország,Budapest,Magyarország
4.71e+28,HA-LKW,FA8X,,2024-02-15,20:11:55,13:36:26,5364.5,47.438232,19.237747,-22.500858,-68.891754,Landed,,,Calama,Chile
4.71e+28,HA-LKW,FA8X,,2024-02-21,13:29:30,14:18:06,48.6,-28.086222,-70.377556,-34.909882,-71.163773,Landed,,,Curicó,Chile
4.71e+28,HA-LKW,FA8X,,2024-02-21,14:18:25,14:20:37,2.2,-34.957123,-71.175262,-35.249588,-71.246689,Landed,,,Río Claro,Chile
4.71e+28,HA-LKW,FA8X,,2024-02-21,14:20:45,14:24:16,3.5,-35.278122,-71.2537,-35.763794,-71.373886,Landed,,,Colbún,Chile
4.71e+28,HA-LKW,FA8X,,2024-02-21,14:24:36,14:28:46,4.2,-35.807888,-71.384834,-36.385601,-71.529938,Landed,,,Parral,Chile
4.71e+28,HA-LKW,FA8X,,2024-02-21,14:29:12,13:45:26,4276.2,-36.447979,-71.545769,-34.843872,-56.03089,Landed,,,Paso Carrasco,Uruguay
4.71e+28,HA-LKW,FA8X,,2024-02-24,13:45:28,04:24:12,878.7,-34.846072,-56.031017,47.428782,19.284527,Landed,,,Ecser,Magyarország
4.71e+28,HA-LKW,FA8X,,2024-02-29,10:04:53,10:26:53,22.0,47.441483,19.232391,48.163982,17.222231,Landed,,,Pozsony,Szlovákia
4.71e+28,HA-LKW,FA8X,,2024-02-29,11:41:48,20:32:58,531.2,48.171837,17.215359,43.669075,-79.606359,Landed,,,Mississauga,Kanada
4.71e+28,HA-LKW,FA8X,,2024-03-03,16:44:30,18:58:37,5894.1,43.669693,-79.61083,18.042019,-63.101692,Landed,,,Simpson Bay,Szent Márton
4.71e+28,HA-LKW,FA8X,,2024-03-07,18:58:43,03:55:07,536.4,18.042576,-63.097622,48.164143,17.221985,Landed,,,Pozsony,Szlovákia
4.71e+28,HA-LKW,FA8X,,2024-03-08,04:41:28,05:02:34,21.1,48.166122,17.206984,47.444051,19.228275,Landed,,,Budapest,Magyarország
4.71e+28,HA-LKW,FA8X,,2024-03-13,06:34:04,08:36:37,122.5,47.444179,19.228117,51.334408,0.035112,Landed,,,London,Egyesült Királyság
4.71e+28,HA-LKW,FA8X,,2024-03-15,14:19:55,16:10:15,110.3,51.331467,0.032736,47.43528,19.242468,Landed,,,Budapest,Magyarország
4.71e+28,HA-LKW,FA8X,,2024-03-22,15:41:33,16:02:53,21.3,47.43869,19.236992,48.164167,17.22181,Landed,,,Pozsony,Szlovákia
4.71e+28,HA-LKW,FA8X,,2024-03-22,17:08:38,20:28:51,8840.2,48.17308,17.217055,48.161774,17.225541,Landed,,,Pozsony,Szlovákia
4.71e+28,HA-LKW,FA8X,,2024-03-28,21:11:24,21:44:10,32.8,48.162759,17.224033,47.427408,19.286657,Landed,,,Ecser,Magyarország
4.71e+28,HA-LKW,FA8X,,2024-04-09,08:43:35,09:34:37,51.0,47.439789,19.235207,45.711296,25.528793,Landed,,,Vidombák,Románia
4.71e+28,HA-LKW,FA8X,,2024-04-09,10:11:32,11:05:15,53.7,45.702484,25.519632,47.444342,19.2278,Landed,,,Budapest,Magyarország
4.71e+28,HA-LKW,FA8X,,2024-04-10,06:46:21,09:09:03,1582.7,47.444229,19.227997,47.423882,19.292415,Landed,Budapest,Magyarország,Ecser,Magyarország
4.71e+28,HA-LKW,FA8X,,2024-04-14,05:58:06,06:45:50,47.7,47.442642,19.230581,45.709557,25.526985,Landed,Budapest,Magyarország,Vidombák,Románia
4.71e+28,HA-LKW,FA8X,,2024-04-14,07:58:14,08:53:09,54.9,45.70252,25.519592,47.437068,19.239525,Landed,Vidombák,Románia,Budapest,Magyarország
4.71e+28,HA-LKW,FA8X,,2024-04-15,07:16:46,15:16:15,6239.5,47.439663,19.23537,47.434822,19.243309,Landed,Budapest,Magyarország,Budapest,Magyarország
4.71e+28,HA-LKW,FA8X,,2024-04-20,16:24:43,03:48:00,683.3,47.441299,19.232735,22.329666,113.907224,Landed,Budapest,Magyarország,Hongkong,Kína
4.71e+28,HA-LKW,FA8X,,2024-04-24,02:11:47,11:28:25,3436.6,22.301056,113.912742,47.443096,19.229437,Landed,Hongkong,Kína,Budapest,Magyarország
4.71e+28,HA-LKW,FA8X,,2024-04-28,10:12:24,12:20:00,127.6,47.440361,19.234314,44.831966,-0.710678,Landed,Budapest,Magyarország,Mérignac,Franciaország
4.71e+28,HA-LKW,FA8X,,2024-05-17,16:44:31,18:40:02,115.5,44.831726,-0.711038,47.443577,19.229095,Landed,Mérignac,Franciaország,Budapest,Magyarország
4.71e+28,HA-LKW,FA8X,,2024-05-21,07:02:38,09:32:33,149.9,47.433658,19.276639,53.420986,-6.263903,Landed,Ecser,Magyarország,,Írország
4.71e+28,HA-LKW,FA8X,,2024-05-25,12:24:30,14:45:38,141.1,53.421626,-6.275374,47.442561,19.26222,Landed,,Írország,Budapest,Magyarország
4.71e+28,HA-LKW,FA8X,,2024-05-29,07:14:50,08:49:52,95.0,47.43538,19.273752,37.940014,23.956097,Landed,Vecsés,Magyarország,Δημοτική Ενότητα Σπάτων - Λούτσας,Görögország
4.71e+28,HA-LKW,FA8X,,2024-05-29,10:05:49,11:35:07,89.3,37.93103,23.927988,47.428223,19.285337,Landed,Δημοτική Ενότητα Παιανίας,Görögország,Ecser,Magyarország
4.71e+28,HA-LKW,FA8X,,2024-05-31,08:37:59,10:36:06,118.1,47.433563,19.276817,51.33072,0.032215,Landed,Ecser,Magyarország,London,Egyesült Királyság
4.71e+28,HA-LKW,FA8X,,2024-06-02,15:19:23,16:17:03,57.7,51.332408,0.033493,53.419647,-6.238979,Landed,London,Egyesült Királyság,Dublin,Írország
4.71e+28,HA-LKW,FA8X,,2024-06-05,09:40:22,11:59:11,138.8,53.436127,-6.261893,47.436539,19.240374,Landed,Dublin,Írország,Budapest,Magyarország
4.71e+28,HA-LKW,FA8X,,2024-06-05,13:01:29,13:31:25,1469.9,47.444039,19.228328,47.435268,19.242502,Landed,Budapest,Magyarország,Budapest,Magyarország
4.71e+28,HA-LKW,FA8X,,2024-06-06,14:35:37,16:45:19,129.7,47.438324,19.237541,41.306808,2.106934,Landed,Budapest,Magyarország,el Prat de Llobregat,Spanyolország
4.71e+28,HA-LKW,FA8X,,2024-06-07,14:31:22,16:21:11,109.8,41.287354,2.088989,47.435217,19.242624,Landed,el Prat de Llobregat,Spanyolország,Budapest,Magyarország
4.71e+28,HA-LKW,FA8X,,2024-06-09,02:58:54,08:22:32,323.6,47.438187,19.237747,47.436562,19.240391,Landed,Budapest,Magyarország,Budapest,Magyarország
4.71e+28,HA-LKW,FA8X,,2024-06-14,10:27:54,11:20:16,52.4,47.437637,19.23864,48.343941,11.79326,Landed,Budapest,Magyarország,Oberding,Németország
4.71e+28,HA-LKW,FA8X,,2024-06-15,08:18:11,09:00:18,42.1,48.365204,11.799105,50.865143,7.140334,Landed,Oberding,Németország,Köln,Németország
4.71e+28,HA-LKW,FA8X,,2024-06-15,15:50:50,17:02:01,71.2,50.861066,7.157135,47.443283,19.22949,Landed,Köln,Németország,Budapest,Magyarország
4.71e+28,HA-LKW,FA8X,,2024-06-18,05:22:23,06:48:03,85.7,47.438187,19.237816,50.865687,7.142143,Landed,Budapest,Magyarország,Köln,Németország
4.71e+28,HA-LKW,FA8X,,2024-06-18,07:55:31,08:27:52,32.4,50.864651,7.138596,48.691767,9.232075,Landed,Köln,Németország,Scharnhausen,Németország
4.71e+28,HA-LKW,FA8X,,2024-06-20,08:16:48,09:18:14,61.4,48.690429,9.224829,47.437088,19.23955,Landed,Scharnhausen,Németország,Budapest,Magyarország
4.71e+28,HA-LKW,FA8X,,2024-06-25,19:41:16,03:33:58,472.7,47.43836,19.237483,-6.86791,39.21043,Landed,Budapest,Magyarország,Dar es-Salaam,Tanzánia
4.71e+28,HA-LKW,FA8X,,2024-06-27,05:06:05,12:49:18,463.2,-6.87735,39.203455,47.443005,19.229971,Landed,Dar es-Salaam,Tanzánia,Budapest,Magyarország
4.71e+28,HA-LKW,FA8X,,2024-06-28,10:59:33,12:23:14,83.7,47.438825,19.236779,51.292606,6.779327,Landed,Budapest,Magyarország,Düsseldorf,Németország
4.71e+28,HA-LKW,FA8X,,2024-06-28,15:16:29,16:34:47,78.3,51.288574,6.77077,47.436665,19.240202,Landed,Düsseldorf,Németország,Budapest,Magyarország
4.71e+28,HA-LKW,FA8X,,2024-06-29,08:18:20,09:20:30,62.2,47.439056,19.236305,52.369492,13.492508,Landed,Budapest,Magyarország,Schönefeld,Németország
4.71e+28,HA-LKW,FA8X,,2024-06-30,09:19:10,10:17:37,58.5,52.373703,13.510361,47.443434,19.229279,Landed,Schönefeld,Németország,Budapest,Magyarország
4.71e+28,HA-LKW,FA8X,,2024-06-30,10:56:33,14:22:50,206.3,47.43924,19.236031,47.442982,19.23004,Landed,Budapest,Magyarország,Budapest,Magyarország
4.71e+28,HA-LKW,FA8X,,2024-07-06,09:54:41,13:40:07,225.4,47.438507,19.237335,47.444687,19.227327,Landed,Budapest,Magyarország,Budapest,Magyarország
4.71e+28,HA-LKW,FA8X,,2024-07-09,12:27:02,13:24:12,57.2,47.437134,19.239464,48.341822,11.765598,Landed,Budapest,Magyarország,Hallbergmoos,Németország
4.71e+28,HA-LKW,FA8X,,2024-07-10,14:30:02,15:18:46,48.7,48.341985,11.768092,51.519848,7.61655,Landed,Hallbergmoos,Németország,Dortmund,Németország
4.71e+28,HA-LKW,FA8X,,2024-07-11,09:58:44,10:44:28,45.7,51.519196,7.614639,52.373665,13.510202,Landed,Dortmund,Németország,Schönefeld,Németország
4.71e+28,HA-LKW,FA8X,,2024-07-15,06:47:43,07:47:28,59.8,52.373362,13.508868,47.431796,19.279562,Landed,Schönefeld,Németország,Ecser,Magyarország
4.71e+28,HA-LKW,FA8X,,2024-07-18,08:49:47,11:38:38,168.9,47.43924,19.236099,47.443199,19.229713,Landed,Budapest,Magyarország,Budapest,Magyarország
4.71e+28,HA-LKW,FA8X,,2024-07-22,13:50:01,14:39:45,49.7,47.436722,19.24015,47.260553,11.347134,Landed,Budapest,Magyarország,Innsbruck,Ausztria
4.71e+28,HA-LKW,FA8X,,2024-07-22,16:45:26,17:36:09,50.7,47.259979,11.341667,47.438713,19.236889,Landed,Innsbruck,Ausztria,Budapest,Magyarország
4.71e+28,HA-LKW,FA8X,,2024-07-23,10:56:51,14:19:26,202.6,47.44376,19.22875,47.436024,19.241266,Landed,Budapest,Magyarország,Budapest,Magyarország
4.71e+28,HA-LKW,FA8X,,2024-07-26,10:17:35,12:12:42,115.1,47.43822,19.237694,48.957905,2.436852,Landed,Budapest,Magyarország,Garges-lès-Gonesse,Franciaország
4.71e+28,HA-LKW,FA8X,,2024-07-31,15:46:13,17:15:29,89.3,48.964901,2.442796,47.442445,19.230916,Landed,Bonneuil-en-France,Franciaország,Budapest,Magyarország
4.71e+28,HA-LKW,FA8X,,2024-08-01,07:18:00,08:58:10,100.2,47.433379,19.277062,43.663868,7.220589,Landed,Ecser,Magyarország,Nizza,Franciaország
4.71e+28,HA-LKW,FA8X,,2024-08-01,11:21:19,12:35:46,74.5,43.653523,7.211805,47.43076,19.281305,Landed,Nizza,Franciaország,Ecser,Magyarország
4.71e+28,HA-LKW,FA8X,,2024-08-02,04:35:55,06:21:23,105.5,47.44632,19.224666,48.960068,2.43032,Landed,Budapest,Magyarország,Bonneuil-en-France,Franciaország
4.71e+28,HA-LKW,FA8X,,2024-08-02,07:09:54,07:28:56,19.0,48.967484,2.433965,49.126167,4.392735,Landed,Bonneuil-en-France,Franciaország,Mourmelon-le-Grand,Franciaország
4.71e+28,HA-LKW,FA8X,,2024-08-02,07:29:56,08:55:04,85.1,49.119507,4.592708,47.431343,19.280336,Landed,Somme-Suippe,Franciaország,Ecser,Magyarország
4.71e+28,HA-LKW,FA8X,,2024-08-02,10:34:55,11:45:52,71.0,47.44362,19.228962,40.509688,22.974612,Landed,Budapest,Magyarország,Νέο Ρύσιο,Görögország
4.71e+28,HA-LKW,FA8X,,2024-08-02,12:46:59,13:55:08,68.2,40.519161,22.973848,47.432541,19.27833,Landed,Θέρμη,Görögország,Ecser,Magyarország
4.71e+28,HA-LKW,FA8X,,2024-08-04,06:55:44,08:41:08,105.4,47.444877,19.226919,48.964668,2.438387,Landed,Budapest,Magyarország,Bonneuil-en-France,Franciaország
4.71e+28,HA-LKW,FA8X,,2024-08-04,10:12:49,11:50:56,98.1,48.968532,2.437736,47.428444,19.285002,Landed,Bonneuil-en-France,Franciaország,Ecser,Magyarország
4.71e+28,HA-LKW,FA8X,,2024-08-06,08:29:12,11:02:21,153.2,47.433379,19.277062,45.707955,25.52524,Landed,Ecser,Magyarország,Vidombák,Románia
4.71e+28,HA-LKW,FA8X,,2024-08-06,12:07:11,12:59:48,52.6,45.703445,25.52057,47.444214,19.228046,Landed,Vidombák,Románia,Budapest,Magyarország
4.71e+28,HA-LKW,FA8X,,2024-08-09,14:11:20,15:00:55,49.6,47.437289,19.239244,48.343917,11.793317,Landed,Budapest,Magyarország,Oberding,Németország
4.71e+28,HA-LKW,FA8X,,2024-08-10,16:19:22,17:08:14,48.9,48.34259,11.77597,47.436532,19.240494,Landed,Oberding,Németország,Budapest,Magyarország
4.71e+28,HA-LKW,FA8X,,2024-08-11,09:08:32,09:57:30,49.0,47.443588,19.228958,45.709154,25.526596,Landed,Budapest,Magyarország,Vidombák,Románia
4.71e+28,HA-LKW,FA8X,,2024-08-11,11:20:20,12:13:00,52.7,45.702799,25.519867,47.427781,19.286059,Landed,Vidombák,Románia,Ecser,Magyarország
4.71e+28,HA-LKW,FA8X,,2024-08-13,14:05:35,14:56:06,50.5,47.43338,19.277023,52.160969,20.971298,Landed,Ecser,Magyarország,Varsó,Lengyelország
4.71e+28,HA-LKW,FA8X,,2024-08-15,08:00:53,08:51:42,50.8,52.16684,20.966263,47.429947,19.282534,Landed,Varsó,Lengyelország,Ecser,Magyarország
4.71e+28,HA-LKW,FA8X,,2024-08-18,05:33:34,06:19:35,46.0,47.433844,19.276217,47.794945,13.002954,Landed,Ecser,Magyarország,Salzburg,Ausztria
4.71e+28,HA-LKW,FA8X,,2024-08-18,08:05:43,08:47:21,41.6,47.789969,13.006052,47.444563,19.227483,Landed,Salzburg,Ausztria,Budapest,Magyarország
4.71e+28,HA-LKW,FA8X,,2024-08-19,08:05:44,11:59:29,233.7,47.44483,19.22706,47.427769,19.286165,Landed,Budapest,Magyarország,Ecser,Magyarország
4.71e+28,HA-LKW,FA8X,,2024-08-22,07:50:06,10:19:19,149.2,47.435846,19.273048,43.695536,10.400734,Landed,Budapest,Magyarország,Pisa,Olaszország
4.71e+28,HA-LKW,FA8X,,2024-08-22,10:24:03,10:07:57,4303.9,43.681595,10.391981,40.896862,9.504344,Landed,Pisa,Olaszország,Olbia,Olaszország
4.71e+28,HA-LKW,FA8X,,2024-08-25,10:15:31,10:50:09,34.6,40.899719,9.519653,43.693372,10.400865,Landed,Olbia,Olaszország,Pisa,Olaszország
4.71e+28,HA-LKW,FA8X,,2024-08-25,11:46:26,12:57:33,71.1,43.686668,10.397382,47.428116,19.285538,Landed,Pisa,Olaszország,Ecser,Magyarország
4.71e+28,HA-LKW,FA8X,,2024-08-27,10:44:03,15:45:27,3181.4,47.438828,19.236717,47.436253,19.240871,Landed,Budapest,Magyarország,Budapest,Magyarország
4.71e+28,HA-LKW,FA8X,,2024-09-01,15:17:56,17:35:32,137.6,47.4375,19.238914,53.333519,-2.85211,Landed,Budapest,Magyarország,Liverpool,Egyesült Királyság
4.71e+28,HA-LKW,FA8X,,2024-09-01,18:47:23,20:52:20,124.9,53.333549,-2.852164,47.442776,19.2304,Landed,Liverpool,Egyesült Királyság,Budapest,Magyarország
4.71e+28,HA-LKW,FA8X,,2024-09-02,14:07:11,13:41:42,1414.5,47.438592,19.237131,47.442707,19.230469,Landed,Budapest,Magyarország,Budapest,Magyarország
4.71e+28,HA-LKW,FA8X,,2024-09-07,11:21:52,12:43:11,81.3,47.437958,19.238159,51.288414,6.770547,Landed,Budapest,Magyarország,Düsseldorf,Németország
4.71e+28,HA-LKW,FA8X,,2024-09-08,07:51:51,09:15:19,83.5,51.289347,6.772385,47.445086,19.226638,Landed,Düsseldorf,Németország,Budapest,Magyarország
4.71e+28,HA-LKW,FA8X,,2024-09-09,14:02:04,14:56:31,54.5,47.438592,19.237131,48.343964,11.793552,Landed,Budapest,Magyarország,Oberding,Németország
4.71e+28,HA-LKW,FA8X,,2024-09-09,15:41:56,16:30:05,48.2,48.343689,11.790443,47.44281,19.230297,Landed,Oberding,Németország,Budapest,Magyarország
4.71e+28,HA-LKW,FA8X,,2024-09-11,18:01:50,20:15:18,133.5,47.437894,19.238187,53.356052,-2.270187,Landed,Budapest,Magyarország,Manchester,Egyesült Királyság
4.71e+28,HA-LKW,FA8X,,2024-09-11,20:59:19,22:57:31,118.2,53.352915,-2.276674,47.428894,19.284285,Landed,Manchester,Egyesült Királyság,Ecser,Magyarország
4.71e+28,HA-LKW,FA8X,,2024-09-16,06:09:47,15:24:16,6314.5,47.438732,19.236849,47.444539,19.227553,Landed,Budapest,Magyarország,Budapest,Magyarország
4.71e+28,HA-LKW,FA8X,,2024-09-23,06:17:28,18:05:00,707.5,47.439514,19.235687,47.442631,19.230617,Landed,Budapest,Magyarország,Budapest,Magyarország
4.71e+28,HA-LKW,FA8X,,2024-09-25,05:02:46,05:49:57,47.2,47.438553,19.237198,50.11189,14.25992,Landed,Budapest,Magyarország,Prága főváros,Csehország
4.71e+28,HA-LKW,FA8X,,2024-09-25,06:41:17,07:24:05,42.8,50.107293,14.244517,47.444218,19.228065,Landed,Kněževes,Csehország,Budapest,Magyarország
4.71e+28,HA-LKW,FA8X,,2024-09-25,08:33:49,09:25:24,51.6,47.439377,19.235893,45.712029,25.529597,Landed,Budapest,Magyarország,Vidombák,Románia
4.71e+28,HA-LKW,FA8X,,2024-09-25,10:22:06,11:22:10,60.1,45.709829,25.527283,47.443691,19.228872,Landed,Vidombák,Románia,Budapest,Magyarország
4.71e+28,HA-LKW,FA8X,,2024-10-01,03:35:54,04:33:44,57.8,47.439151,19.236145,45.71055,25.528055,Landed,Budapest,Magyarország,Vidombák,Románia
4.71e+28,HA-LKW,FA8X,,2024-10-01,05:52:59,06:44:34,51.6,45.703949,25.521039,47.42831,19.285246,Landed,Vidombák,Románia,Ecser,Magyarország
4.71e+28,HA-LKW,FA8X,,2024-10-01,08:40:52,09:24:09,43.3,47.42998,19.282485,50.112362,14.261356,Landed,Ecser,Magyarország,Prága főváros,Csehország
4.71e+28,HA-LKW,FA8X,,2024-10-01,12:35:44,13:18:44,43.0,50.107618,14.245482,47.427338,19.286791,Landed,Kněževes,Csehország,Ecser,Magyarország
4.71e+28,HA-LKW,FA8X,,2024-10-02,08:54:22,10:07:32,73.2,47.442764,19.230469,47.457935,8.551483,Landed,Budapest,Magyarország,Kloten,Svájc
4.71e+28,HA-LKW,FA8X,,2024-10-03,14:10:08,15:13:54,63.8,47.457825,8.553612,47.434685,19.243498,Landed,Kloten,Svájc,Budapest,Magyarország
4.71e+28,HA-LKW,FA8X,,2024-10-05,11:50:18,12:30:49,40.5,47.444458,19.227585,49.088894,12.310427,Landed,Budapest,Magyarország,Forstmühle,Németország
4.71e+28,HA-LKW,FA8X,,2024-10-05,12:32:42,13:45:22,72.7,49.169449,11.950026,51.33316,0.034165,Landed,Traidendorf,Németország,London,Egyesült Királyság
4.71e+28,HA-LKW,FA8X,,2024-10-05,15:11:32,17:06:50,115.3,51.330826,0.032365,47.435452,19.242159,Landed,London,Egyesült Királyság,Budapest,Magyarország
4.71e+28,HA-LKW,FA8X,,2024-10-14,13:06:23,22:52:54,586.5,47.443726,19.228821,47.428316,19.285267,Landed,Budapest,Magyarország,Ecser,Magyarország
4.71e+28,HA-LKW,FA8X,,2024-10-16,05:49:50,06:40:52,51.0,47.436401,19.240631,42.695721,23.429343,Landed,Budapest,Magyarország,Szófia,Bulgária
4.71e+28,HA-LKW,FA8X,,2024-10-16,14:26:55,15:29:02,62.1,42.696945,23.408744,47.445203,19.226497,Landed,Szófia,Bulgária,Budapest,Magyarország
4.71e+28,HA-LKW,FA8X,,2024-10-18,08:09:22,08:58:23,49.0,47.441345,19.232666,45.713047,25.530636,Landed,Budapest,Magyarország,Vidombák,Románia
4.71e+28,HA-LKW,FA8X,,2024-10-18,09:32:07,10:25:03,52.9,45.703857,25.521039,47.444295,19.227923,Landed,Vidombák,Románia,Budapest,Magyarország
4.71e+28,HA-LKW,FA8X,,2024-10-18,15:59:19,19:46:30,227.2,47.440455,19.234103,47.443283,19.229613,Landed,Budapest,Magyarország,Budapest,Magyarország
4.71e+28,HA-LKW,FA8X,,2024-10-23,06:04:49,06:54:34,49.7,47.432373,19.278603,45.710747,25.528291,Landed,Ecser,Magyarország,Vidombák,Románia
4.71e+28,HA-LKW,FA8X,,2024-10-23,08:34:57,09:28:32,53.6,45.702799,25.519867,47.446701,19.255531,Landed,Vidombák,Románia,Budapest,Magyarország
4.71e+28,HA-LKW,FA8X,,2024-10-26,08:11:05,09:19:37,68.5,47.439756,19.235229,47.485348,9.558329,Landed,Budapest,Magyarország,Altenrhein,Svájc
4.71e+28,HA-LKW,FA8X,,2024-10-27,09:48:47,10:47:01,58.2,47.485843,9.553035,47.444667,19.227342,Landed,Altenrhein,Svájc,Budapest,Magyarország
4.71e+28,HA-LKW,FA8X,,2024-10-28,08:05:59,09:49:53,103.9,47.444321,19.227859,48.96579,2.459388,Landed,Budapest,Magyarország,Gonesse,Franciaország
4.71e+28,HA-LKW,FA8X,,2024-10-29,08:19:06,10:03:07,104.0,48.968674,2.438542,47.434296,19.243996,Landed,Bonneuil-en-France,Franciaország,Budapest,Magyarország
4.71e+28,HA-LKW,FA8X,,2024-11-09,19:37:35,17:12:30,2734.9,47.442123,19.231361,47.43425,19.244133,Landed,Budapest,Magyarország,Budapest,Magyarország
4.71e+28,HA-LKW,FA8X,,2024-11-16,09:12:59,10:53:31,100.5,47.442444,19.230881,52.317081,4.807382,Landed,Budapest,Magyarország,,Hollandia
4.71e+28,HA-LKW,FA8X,,2024-11-17,08:43:32,10:05:38,82.1,52.307351,4.793492,47.443199,19.229765,Landed,,Hollandia,Budapest,Magyarország
4.71e+28,HA-LKW,FA8X,,2024-11-22,19:22:19,19:47:28,25.1,47.438313,19.237483,48.163765,17.222478,Landed,Budapest,Magyarország,Pozsony,Szlovákia
4.71e+28,HA-LKW,FA8X,,2024-11-22,21:00:32,16:31:49,12691.3,48.172943,17.216844,48.160245,17.227971,Landed,Pozsony,Szlovákia,Pozsony,Szlovákia
4.71e+28,HA-LKW,FA8X,,2024-12-01,17:14:53,17:43:07,28.2,48.167228,17.208637,47.43403,19.244526,Landed,Pozsony,Szlovákia,Budapest,Magyarország
4.71e+28,HA-LKW,FA8X,,2024-12-04,13:46:36,15:18:24,91.8,47.437242,19.239244,40.964127,28.806641,Landed,Budapest,Magyarország,Bakırköy,Törökország
4.71e+28,HA-LKW,FA8X,,2024-12-06,16:20:38,17:50:41,90.0,40.973648,28.827332,47.444183,19.228186,Landed,Bakırköy,Törökország,Budapest,Magyarország
4.71e+28,HA-LKW,FA8X,,2024-12-09,12:41:39,13:44:42,63.1,47.437149,19.239385,50.979297,10.964432,Landed,Budapest,Magyarország,Erfurt,Németország
4.71e+28,HA-LKW,FA8X,,2024-12-09,14:22:32,15:30:39,68.1,50.979778,10.958751,47.433186,19.245867,Landed,Erfurt,Németország,Budapest,Magyarország
4.71e+28,HA-LKW,FA8X,,2024-12-13,07:29:14,08:35:21,66.1,47.435008,19.242906,50.98027,10.952608,Landed,Budapest,Magyarország,Erfurt,Németország
4.71e+28,HA-LKW,FA8X,,2024-12-13,09:50:36,10:51:54,61.3,50.979355,10.963762,47.451068,19.216989,Landed,Erfurt,Németország,Budapest,Magyarország
4.71e+28,HA-LKW,FA8X,,2024-12-13,11:30:34,12:17:39,47.1,47.435846,19.241286,45.709154,25.526562,Landed,Budapest,Magyarország,Vidombák,Románia
4.71e+28,HA-LKW,FA8X,,2024-12-13,12:42:28,13:39:19,56.8,45.702484,25.519498,47.451441,19.216356,Landed,Vidombák,Románia,Budapest,Magyarország
4.71e+28,HA-LKW,FA8X,,2024-12-27,18:26:48,05:03:55,637.1,47.445099,19.226486,13.926224,100.612319,Landed,Budapest,Magyarország,Bangkok,Thaiföld
4.71e+28,HA-LKW,FA8X,,2024-12-30,10:52:12,18:55:27,9123.3,13.913727,100.609431,47.444195,19.228065,Landed,Bangkok,Thaiföld,Budapest,Magyarország
4.71e+28,HA-LKW,FA8X,,2025-01-10,08:51:19,09:15:38,24.3,47.444733,19.227242,48.162817,17.22396,Landed,Budapest,Magyarország,Pozsony,Szlovákia
4.71e+28,HA-LKW,FA8X,,2025-01-11,14:08:11,05:16:49,5228.6,48.16745,17.216773,10.819748,106.663605,Landed,Pozsony,Szlovákia,Thuận An,Vietnám
4.71e+28,HA-LKW,FA8X,,2025-01-15,05:18:26,20:07:29,8089.1,10.821327,106.667778,48.175598,17.189906,Landed,Thủ Đức,Vietnám,Pozsony,Szlovákia
4.71e+28,HA-LKW,FA8X,,2025-01-20,20:55:32,21:16:46,21.2,48.170999,17.211312,47.442135,19.23143,Landed,Pozsony,Szlovákia,Budapest,Magyarország
4.71e+28,HA-LKW,FA8X,,2025-01-25,12:04:03,17:15:11,3191.1,47.439377,19.235893,-37.017734,174.765492,Landed,Budapest,Magyarország,Māngere-Ōtāhuhu,Új-Zéland
4.71e+28,HA-LKW,FA8X,,2025-01-30,00:34:13,01:36:27,62.2,-37.012115,174.785877,-43.494082,172.526158,Landed,Māngere-Ōtāhuhu,Új-Zéland,Christchurch,Új-Zéland
4.71e+28,HA-LKW,FA8X,,2025-01-31,21:00:47,22:04:29,63.7,-43.49057,172.530319,-37.004013,174.815563,Landed,Christchurch,Új-Zéland,Ōtara-Papatoetoe,Új-Zéland
4.71e+28,HA-LKW,FA8X,,2025-01-31,23:19:06,00:23:38,64.5,-37.011246,174.78915,-43.496201,172.52374,Landed,,,Christchurch,Új-Zéland
4.71e+28,HA-LKW,FA8X,,2025-02-01,02:59:28,04:31:51,92.4,-43.489659,172.53139,-45.016479,168.75824,Landed,,,,Új-Zéland
4.71e+28,HA-LKW,FA8X,,2025-02-01,04:32:55,05:53:12,80.3,-45.020157,168.734927,-37.005212,174.810871,Landed,,,Ōtara-Papatoetoe,Új-Zéland
4.71e+28,HA-LKW,FA8X,,2025-02-04,10:57:59,01:53:20,3775.4,-37.013824,174.7803,29.222088,47.993524,Landed,,,,Kuvait
4.71e+28,HA-LKW,FA8X,,2025-02-08,07:02:02,11:15:44,253.7,29.2288,47.989897,47.451255,19.216708,Landed,,,Budapest,Magyarország
4.71e+28,HA-LKW,FA8X,,2025-02-12,08:50:03,10:06:57,76.9,47.43808,19.237906,47.47665,8.543501,Landed,,,Oberglatt,Svájc
4.71e+28,HA-LKW,FA8X,,2025-02-12,15:50:37,16:54:31,63.9,47.457458,8.55835,47.443771,19.228752,Landed,,,Budapest,Magyarország
4.71e+28,HA-LKW,FA8X,,2025-02-20,18:33:05,16:21:43,12828.6,47.431091,19.248802,47.433712,19.244991,Landed,,,Budapest,Magyarország
4.71e+28,HA-LKW,FA8X,,2025-03-02,10:53:43,12:41:41,108.0,47.444321,19.227859,48.959839,2.405372,Landed,,,Garges-lès-Gonesse,Franciaország
4.71e+28,HA-LKW,FA8X,,2025-03-28,18:09:52,19:52:02,102.2,48.969543,2.441571,47.443736,19.228803,Landed,,,Budapest,Magyarország
4.71e+28,HA-LKW,FA8X,,2025-04-03,11:05:59,11:41:24,35.4,47.436544,19.240441,44.815865,20.314963,Landed,,,Градска општина Сурчин,Szerbia
4.71e+28,HA-LKW,FA8X,,2025-04-03,14:30:12,15:01:42,31.5,44.816528,20.313525,47.43609,19.241198,Landed,,,Budapest,Magyarország
4.71e+28,HA-LKW,FA8X,,2025-04-18,07:18:35,11:42:08,263.5,47.442736,19.230441,47.443932,19.228409,Landed,,,Budapest,Magyarország
4.71e+28,HA-LKW,FA8X,,2025-04-22,08:01:14,12:57:23,296.1,47.436859,19.239944,47.43431,19.244015,Landed,,,Budapest,Magyarország
4.71e+28,HA-LKW,FA8X,,2025-04-28,05:20:58,22:20:46,3899.8,47.435939,19.241356,47.428745,19.284559,Landed,,,Ecser,Magyarország
4.71e+28,HA-LKW,FA8X,,2025-05-13,06:33:44,08:37:06,123.4,47.43431,19.275583,51.873508,-0.375004,Landed,,,Luton,Egyesült Királyság
4.71e+28,HA-LKW,FA8X,,2025-05-16,15:18:36,17:20:00,121.4,51.874834,-0.367432,47.434719,19.243378,Landed,,,Budapest,Magyarország
4.71e+28,HA-LKW,FA8X,,2025-05-19,06:07:42,12:51:37,403.9,47.436493,19.240494,47.434228,19.244173,Landed,,,Budapest,Magyarország
4.71e+28,HA-LKW,FA8X,,2025-05-20,11:18:15,09:59:26,2801.2,47.436591,19.240371,47.444355,19.227825,Landed,,,Budapest,Magyarország
4.71e+28,HA-LKW,FA8X,,2025-05-23,04:50:57,06:43:02,112.1,47.43718,19.239395,35.838717,14.50077,Landed,,,Ħal Luqa,Málta
4.71e+28,HA-LKW,FA8X,,2025-05-23,14:56:51,16:40:44,103.9,35.848251,14.488964,47.436436,19.240683,Landed,Il-Gudja,Málta,Budapest,Magyarország
4.71e+28,HA-LKW,FA8X,,2025-05-26,17:34:46,19:49:54,135.1,47.436032,19.272766,53.35743,-2.267324,Landed,Budapest,Magyarország,Styal,Egyesült Királyság
4.71e+28,HA-LKW,FA8X,,2025-05-26,22:25:57,00:25:21,119.4,53.356979,-2.268284,47.426931,19.287415,Landed,Styal,Egyesült Királyság,Ecser,Magyarország
4.71e+28,HA-LKW,FA8X,,2025-05-28,15:54:53,16:50:06,55.2,47.436447,19.240562,42.695443,23.434109,Landed,Budapest,Magyarország,Szófia,Bulgária
4.71e+28,HA-LKW,FA8X,,2025-05-29,05:18:41,06:15:00,56.3,42.69599,23.425726,47.432122,19.279069,Landed,Szófia,Bulgária,Ecser,Magyarország
4.71e+28,HA-LKW,FA8X,,2025-05-29,15:12:43,16:04:35,51.9,47.44368,19.228958,48.364918,11.79532,Landed,Budapest,Magyarország,Oberding,Németország
4.71e+28,HA-LKW,FA8X,,2025-05-29,16:51:02,17:48:28,57.4,48.342682,11.776921,47.434705,19.243381,Landed,Oberding,Németország,Budapest,Magyarország
4.71e+28,HA-LKW,FA8X,,2025-05-30,13:19:36,14:08:26,48.8,47.438232,19.23761,48.343754,11.791167,Landed,Budapest,Magyarország,Oberding,Németország
4.71e+28,HA-LKW,FA8X,,2025-06-01,09:14:11,10:04:08,49.9,48.342311,11.772357,47.443143,19.229736,Landed,Hallbergmoos,Németország,Budapest,Magyarország
4.71e+28,HA-LKW,FA8X,,2025-06-02,12:53:28,14:44:20,110.9,47.438553,19.237198,47.445203,19.226426,Landed,Budapest,Magyarország,Budapest,Magyarország
4.71e+28,HA-LKW,FA8X,,2025-06-06,21:11:21,16:42:31,15571.2,47.441898,19.231708,47.435194,19.242642,Landed,Budapest,Magyarország,Budapest,Magyarország
4.71e+28,HA-LKW,FA8X,,2025-06-25,06:41:33,07:53:38,72.1,47.438095,19.237953,47.479279,8.539933,Landed,Budapest,Magyarország,Oberglatt,Svájc
4.71e+28,HA-LKW,FA8X,,2025-06-25,10:02:55,11:34:55,92.0,47.457772,8.554124,39.548183,2.746373,Landed,Kloten,Svájc,Palma de Mallorca,Spanyolország
4.71e+28,HA-LKW,FA8X,,2025-06-25,12:27:17,14:36:47,129.5,39.55013,2.71759,47.435182,19.242659,Landed,Palma de Mallorca,Spanyolország,Budapest,Magyarország
4.71e+28,HA-LKW,FA8X,,2025-07-04,19:51:58,01:50:04,21958.1,47.440475,19.234108,47.426931,19.287467,Landed,Budapest,Magyarország,Ecser,Magyarország
4.71e+28,HA-LKW,FA8X,,2025-07-23,07:12:24,08:06:21,54.0,47.436451,19.240582,42.567352,18.253207,Landed,Budapest,Magyarország,Močići,Horvátország
4.71e+28,HA-LKW,FA8X,,2025-07-23,09:31:18,10:21:10,49.9,42.564697,18.259777,47.434857,19.243152,Landed,Čilipi,Horvátország,Budapest,Magyarország
4.71e+28,HA-LKW,FA8X,,2025-07-28,07:31:13,09:04:25,93.2,47.436498,19.240511,52.287094,4.776993,Landed,Budapest,Magyarország,,Hollandia
4.71e+28,HA-LKW,FA8X,,2025-07-28,12:24:01,13:54:25,90.4,52.311951,4.799805,47.436637,19.240282,Landed,,Hollandia,Budapest,Magyarország
4.71e+28,HA-LKW,FA8X,,2025-07-31,08:46:40,10:47:05,120.4,47.437336,19.239103,51.554169,-0.413101,Landed,Budapest,Magyarország,London,Egyesült Királyság
4.71e+28,HA-LKW,FA8X,,2025-07-31,17:23:40,19:16:10,112.5,51.552134,-0.421982,47.43034,19.281939,Landed,London,Egyesült Királyság,Ecser,Magyarország
4.71e+28,HA-LKW,FA8X,,2025-08-04,08:42:18,18:05:15,7762.9,47.440873,19.233469,47.442922,19.230071,Landed,Budapest,Magyarország,Budapest,Magyarország
4.71e+28,HA-LKW,FA8X,,2025-08-15,21:20:19,01:59:10,16118.9,47.441986,19.231567,47.430364,19.281886,Landed,Budapest,Magyarország,Ecser,Magyarország
4.71e+28,HA-LKW,FA8X,,2025-08-28,05:46:15,06:42:38,56.4,47.438187,19.237816,42.696956,23.409071,Landed,Budapest,Magyarország,Szófia,Bulgária
4.71e+28,HA-LKW,FA8X,,2025-08-28,07:30:26,08:31:23,60.9,42.696921,23.409374,47.443259,19.229578,Landed,Szófia,Bulgária,Budapest,Magyarország
4.71e+28,HA-LKW,FA8X,,2025-08-28,12:13:51,13:03:28,49.6,47.43943,19.235793,42.563293,18.263381,Landed,Budapest,Magyarország,Čilipi,Horvátország
4.71e+28,HA-LKW,FA8X,,2025-08-29,12:50:54,13:38:59,48.1,42.558655,18.274508,47.44419,19.228117,Landed,Čilipi,Horvátország,Budapest,Magyarország
4.71e+28,HA-LKW,FA8X,,2025-08-29,14:09:59,15:05:25,55.4,47.438187,19.237816,42.696568,23.41572,Landed,Budapest,Magyarország,Szófia,Bulgária
4.71e+28,HA-LKW,FA8X,,2025-08-29,16:35:02,17:36:16,61.2,42.696781,23.411929,47.443958,19.228469,Landed,Szófia,Bulgária,Budapest,Magyarország
4.71e+28,HA-LKW,FA8X,,2025-08-31,16:51:11,19:10:29,139.3,47.437754,19.238469,53.334091,-2.83977,Landed,Budapest,Magyarország,Liverpool,Egyesült Királyság
4.71e+28,HA-LKW,FA8X,,2025-08-31,20:28:50,22:40:45,131.9,53.333542,-2.851266,47.432922,19.277813,Landed,Liverpool,Egyesült Királyság,Ecser,Magyarország
4.71e+28,HA-LKW,FA8X,,2025-09-02,07:38:25,12:43:27,305.0,47.433379,19.277062,47.444202,19.228117,Landed,Ecser,Magyarország,Budapest,Magyarország
4.71e+28,HA-LKW,FA8X,,2025-09-06,10:01:00,12:36:13,155.2,47.43808,19.237906,53.436767,-6.273315,Landed,Budapest,Magyarország,Dublin,Írország
4.71e+28,HA-LKW,FA8X,,2025-09-06,22:06:18,00:25:09,138.9,53.421579,-6.274647,47.430434,19.281816,Landed,,Írország,Ecser,Magyarország
4.71e+28,HA-LKW,FA8X,,2025-09-09,05:44:52,11:17:26,332.6,47.433099,19.277485,47.443611,19.228975,Landed,Ecser,Magyarország,Budapest,Magyarország
4.71e+28,HA-LKW,FA8X,,2025-09-10,10:15:53,13:05:38,169.7,47.441991,19.231708,47.444202,19.228064,Landed,Budapest,Magyarország,Budapest,Magyarország
4.71e+28,HA-LKW,FA8X,,2025-09-11,14:52:57,17:09:29,136.5,47.446786,19.223821,53.358891,-2.264321,Landed,Budapest,Magyarország,Styal,Egyesült Királyság
4.71e+28,HA-LKW,FA8X,,2025-09-11,18:41:38,22:31:48,230.2,53.343092,-2.28766,47.438736,19.236958,Landed,Manchester,Egyesült Királyság,Budapest,Magyarország
4.71e+28,HA-LKW,FA8X,,2025-09-13,08:08:58,09:03:55,55.0,47.441665,19.232131,47.260529,11.346954,Landed,Budapest,Magyarország,Innsbruck,Ausztria
4.71e+28,HA-LKW,FA8X,,2025-09-13,17:24:03,18:03:43,39.7,47.260344,11.344933,46.690624,17.157446,Landed,Innsbruck,Ausztria,Zalavár,Magyarország
4.71e+28,HA-LKW,FA8X,,2025-09-13,18:28:55,18:53:47,24.9,46.68544,17.159439,47.443562,19.229191,Landed,Zalavár,Magyarország,Budapest,Magyarország
4.71e+28,HA-LKW,FA8X,,2025-09-22,15:00:23,23:08:06,487.7,47.430492,19.28171,19.088,72.858669,Landed,Ecser,Magyarország,Mumbai,India
4.71e+28,HA-LKW,FA8X,,2025-09-24,04:57:26,13:45:32,528.1,19.088608,72.855197,45.626209,8.724054,Landed,Mumbai,India,Somma Lombardo,Olaszország
4.71e+28,HA-LKW,FA8X,,2025-09-24,15:02:25,16:09:26,67.0,45.62764,8.734198,47.444155,19.228134,Landed,Ferno,Olaszország,Budapest,Magyarország
4.71e+28,HA-LKW,FA8X,,2025-10-01,13:39:08,08:45:38,2586.5,47.437242,19.239314,47.432201,19.278912,Landed,Budapest,Magyarország,Ecser,Magyarország
4.71e+28,HA-LKW,FA8X,,2025-10-06,09:40:34,10:26:42,46.1,47.436125,19.241075,50.113186,14.264139,Landed,Budapest,Magyarország,Prága főváros,Csehország
4.71e+28,HA-LKW,FA8X,,2025-10-06,14:14:14,15:00:57,46.7,50.107819,14.246232,47.43631,19.240803,Landed,Kněževes,Csehország,Budapest,Magyarország
4.71e+28,HA-LKW,FA8X,,2025-10-08,07:35:55,19:35:17,3599.4,47.432215,19.278823,47.434799,19.243258,Landed,Ecser,Magyarország,Budapest,Magyarország
4.71e+28,HA-LKW,FA8X,,2025-10-13,14:17:00,17:32:53,195.9,47.437848,19.238328,38.772253,-9.140808,Landed,Budapest,Magyarország,Lisszabon,Portugália
4.71e+28,HA-LKW,FA8X,,2025-10-15,08:47:01,11:53:31,186.5,38.778671,-9.137281,47.432331,19.27877,Landed,Lisszabon,Portugália,Ecser,Magyarország
4.71e+28,HA-LKW,FA8X,,2025-10-16,16:25:41,18:42:30,136.8,47.432831,19.277916,53.365251,-2.250986,Landed,Ecser,Magyarország,Manchester,Egyesült Királyság
4.71e+28,HA-LKW,FA8X,,2025-10-16,19:29:01,21:35:45,126.7,53.354265,-2.274008,47.431994,19.279245,Landed,Manchester,Egyesült Királyság,Ecser,Magyarország
4.71e+28,HA-LKW,FA8X,,2025-10-20,07:02:49,15:21:34,498.7,47.43296,19.277837,47.445351,19.226229,Landed,Ecser,Magyarország,Budapest,Magyarország
4.71e+28,HA-LKW,FA8X,,2025-10-23,06:40:58,12:23:15,342.3,47.432261,19.278893,24.894822,55.164543,Landed,Ecser,Magyarország,,Egyesült Arab Emírségek
4.71e+28,HA-LKW,FA8X,,2025-10-24,05:32:17,13:03:19,451.0,24.898744,55.157327,55.622475,12.663033,Landed,,Egyesült Arab Emírségek,Kastrup,Dánia
4.71e+28,HA-LKW,FA8X,,2025-10-25,10:29:19,11:53:08,83.8,55.607998,12.628012,47.444004,19.228398,Landed,Kastrup,Dánia,Budapest,Magyarország
4.71e+28,HA-LKW,FA8X,,2025-10-25,13:26:03,16:50:41,204.6,47.438965,19.236497,36.683268,-4.489902,Landed,Budapest,Magyarország,Málaga,Spanyolország
4.71e+28,HA-LKW,FA8X,,2025-10-25,17:46:37,11:44:38,1078.0,36.677903,-4.503284,47.435532,19.24209,Landed,Málaga,Spanyolország,Budapest,Magyarország
4.71e+28,HA-LKW,FA8X,,2025-10-27,13:53:43,15:26:27,92.7,47.445648,19.225662,46.243434,6.116861,Landed,Budapest,Magyarország,Le Grand-Saconnex,Svájc
4.71e+28,HA-LKW,FA8X,,2025-10-27,18:22:40,19:40:11,77.5,46.241455,6.113892,47.437103,19.239508,Landed,Le Grand-Saconnex,Svájc,Budapest,Magyarország
4.71e+28,HA-LKW,FA8X,,2025-10-28,15:46:15,10:33:48,1127.6,47.444962,19.226761,44.500681,26.099078,Landed,Budapest,Magyarország,Bukarest,Románia
4.71e+28,HA-LKW,FA8X,,2025-10-29,10:42:04,11:42:33,60.5,44.500809,26.090829,47.434696,19.243429,Landed,Bukarest,Románia,Budapest,Magyarország
4.71e+28,HA-LKW,FA8X,,2025-10-31,17:25:02,14:39:59,1275.0,47.437912,19.238228,47.444807,19.227131,Landed,Budapest,Magyarország,Budapest,Magyarország
4.71e+28,HA-LKW,FA8X,,2025-11-02,09:00:26,14:37:31,337.1,47.445063,19.226638,24.890625,55.171928,Landed,Budapest,Magyarország,,Egyesült Arab Emírségek
4.71e+28,HA-LKW,FA8X,,2025-11-03,05:49:43,12:44:27,414.7,24.889847,55.173391,46.244667,6.118698,Landed,,Egyesült Arab Emírségek,Le Grand-Saconnex,Svájc
4.71e+28,HA-LKW,FA8X,,2025-11-03,16:52:20,18:12:57,80.6,46.243652,6.117174,47.430153,19.282242,Landed,Le Grand-Saconnex,Svájc,Ecser,Magyarország
4.71e+28,HA-LKW,FA8X,,2025-11-12,12:58:20,15:33:11,154.8,47.438278,19.23761,40.147293,44.39917,Landed,Budapest,Magyarország,Jereván,Örményország
4.71e+28,HA-LKW,FA8X,,2025-11-13,20:45:57,23:40:11,174.2,40.147255,44.397313,47.442455,19.230881,Landed,Jereván,Örményország,Budapest,Magyarország
4.71e+28,HA-LKW,FA8X,,2025-11-15,10:12:04,11:01:35,49.5,47.437615,19.238751,50.111893,14.259766,Landed,Budapest,Magyarország,Prága főváros,Csehország
4.71e+28,HA-LKW,FA8X,,2025-11-16,10:23:05,11:06:07,43.0,50.107898,14.246447,47.430108,19.282326,Landed,Kněževes,Csehország,Ecser,Magyarország
4.71e+28,HA-LKW,FA8X,,2025-11-19,05:48:20,08:18:54,150.6,47.433006,19.277696,51.27679,-0.773354,Landed,Ecser,Magyarország,Rushmoor,Egyesült Királyság
4.71e+28,HA-LKW,FA8X,,2025-11-19,19:30:15,21:19:03,108.8,51.276405,-0.774612,47.443817,19.228718,Landed,Rushmoor,Egyesült Királyság,Budapest,Magyarország
4.71e+28,HA-LKW,FA8X,,2025-12-03,06:58:10,08:29:13,91.1,47.434822,19.274738,46.244659,6.118665,Landed,Ecser,Magyarország,Le Grand-Saconnex,Svájc
4.71e+28,HA-LKW,FA8X,,2025-12-03,09:39:23,11:01:10,81.8,46.243927,6.117576,47.444286,19.227911,Landed,Le Grand-Saconnex,Svájc,Budapest,Magyarország
4.71e+28,HA-LKW,FA8X,,2025-12-06,08:20:08,09:34:44,74.6,47.436963,19.239737,47.475543,8.545074,Landed,Budapest,Magyarország,Winkel,Svájc
4.71e+28,HA-LKW,FA8X,,2025-12-06,10:58:18,11:57:34,59.3,47.45755,8.556839,46.680291,17.161348,Landed,Kloten,Svájc,Zalavár,Magyarország
4.71e+28,HA-LKW,FA8X,,2025-12-06,12:36:07,13:02:11,26.1,46.688124,17.158379,47.442852,19.230247,Landed,Zalavár,Magyarország,Budapest,Magyarország
4.71e+28,HA-LKW,FA8X,,2025-12-11,05:18:44,06:34:56,76.2,47.437196,19.239385,45.436893,9.277954,Landed,Budapest,Magyarország,Peschiera Borromeo,Olaszország
4.71e+28,HA-LKW,FA8X,,2025-12-11,19:04:17,20:09:59,65.7,45.445587,9.276973,47.434868,19.243103,Landed,,,Budapest,Magyarország
4.71e+28,HA-LKW,FA8X,,2025-12-15,06:59:43,11:28:43,6029.0,47.437289,19.239173,47.444767,19.227139,Landed,,,Budapest,Magyarország
440241.0,,,,2024-09-04,11:15:36,18:36:14,440.6,45.454769,-73.745259,48.118628,16.546343,Landed,,,Schwechat,Ausztria
440241.0,,,,2024-09-07,13:47:59,14:11:46,23.8,48.104599,16.584549,47.442852,19.230265,Landed,,,,
440241.0,,,,2024-09-08,04:17:08,01:32:51,4155.7,47.444737,19.227131,47.428436,19.285023,Landed,,,,
440241.0,,,,2024-09-11,02:55:27,03:34:16,38.8,47.437661,19.27009,48.233448,14.19453,Landed,,,,
440241.0,,,,2024-09-16,08:29:05,09:57:27,88.4,48.233425,14.193324,51.332489,0.033646,Landed,,,,
440241.0,,,,2024-09-25,07:22:12,09:11:06,108.9,51.330688,0.032217,47.442833,19.230297,Landed,,,,
440241.0,,,,2024-10-03,06:37:42,08:43:49,126.1,47.432168,19.278964,44.832016,-0.710544,Landed,,,,
440241.0,,,,2024-10-04,10:03:25,12:03:50,120.4,44.828548,-0.715451,47.443611,19.229027,Landed,,,,
440241.0,,,,2024-10-19,05:58:46,11:42:57,344.2,47.445156,19.226426,24.883141,55.172221,Landed,,,,
440241.0,,,,2024-11-04,21:17:44,03:25:10,367.4,24.892044,55.169423,47.423492,19.292953,Landed,,,,
440241.0,,,,2024-11-16,18:33:10,03:57:44,10644.6,47.434775,19.243328,47.423649,19.292767,Landed,,,,
440241.0,,,,2024-11-28,07:57:11,10:02:58,125.8,47.442856,19.230263,51.333735,0.034599,Landed,,,,
440241.0,,,,2024-12-01,10:21:49,12:11:32,109.7,51.335015,0.035553,47.445948,19.225229,Landed,,,,
440241.0,,,,2024-12-30,22:54:34,07:22:58,16348.4,47.444275,19.227928,47.435646,19.241884,Landed,,,,
440241.0,,,,2025-01-18,18:15:11,05:55:36,7900.4,47.443771,19.228821,40.062868,116.601365,Landed,,,,
440241.0,,,,2025-01-24,06:10:26,16:52:15,641.8,40.103439,116.592896,47.43559,19.242008,Landed,,,,
440241.0,,,,2025-01-28,14:02:10,15:38:52,96.7,47.443039,19.229988,52.355545,13.511026,Landed,,,,
440241.0,,,,2025-01-30,07:52:59,17:51:11,16438.2,52.357269,13.48442,52.364586,13.497803,Landed,,,,
440241.0,,,,2025-02-10,18:01:47,19:01:48,60.0,52.372059,13.503296,47.431412,19.248665,Landed,Schönefeld,Németország,,
440241.0,,,,2025-02-12,19:57:25,10:22:26,10945.0,47.445017,19.226778,4.197301,73.527977,Landed,Budapest,Magyarország,,
440241.0,,,,2025-02-20,10:42:31,20:46:58,604.5,4.19133,73.531029,47.450603,19.217764,Landed,Malé,Maldív-szigetek,Budapest,Magyarország
440241.0,,,,2025-03-02,12:55:53,23:42:16,646.4,47.444138,19.228203,40.789616,-111.962082,Landed,Budapest,Magyarország,Salt Lake City,Amerikai Egyesült Államok
440241.0,,,,2025-03-06,18:48:49,04:51:58,603.1,40.79425,-111.962097,47.44369,19.228909,Landed,Salt Lake City,Amerikai Egyesült Államok,Budapest,Magyarország
440241.0,,,,2025-03-26,06:59:33,16:32:56,6333.4,47.433746,19.244957,47.435349,19.242382,Landed,Budapest,Magyarország,Budapest,Magyarország
440241.0,,,,2025-04-06,12:01:33,13:06:32,65.0,47.433844,19.244807,52.365495,13.47583,Landed,Budapest,Magyarország,Schönefeld,Németország
440241.0,,,,2025-04-13,17:49:05,18:39:56,50.8,52.3759,13.519669,49.151791,16.688426,Landed,Schönefeld,Németország,Brünn,Csehország
440241.0,,,,2025-04-13,18:52:12,19:18:14,26.0,49.152413,16.681294,47.444801,19.22707,Landed,Brünn,Csehország,Budapest,Magyarország
440241.0,,,,2025-04-24,19:26:30,11:56:11,11069.7,47.434822,19.243188,-28.413574,21.258333,Landed,Budapest,Magyarország,Upington,Dél-Afrika
440241.0,,,,2025-05-02,12:01:28,13:04:17,62.8,-28.396957,21.25733,-33.954025,18.598284,Landed,Upington,Dél-Afrika,Elsiesriver,Dél-Afrika
440241.0,,,,2025-05-03,19:06:56,05:47:45,640.8,-33.983963,18.607645,47.437056,19.239631,Landed,,Dél-Afrika,Budapest,Magyarország
440241.0,,,,2025-05-10,14:17:41,15:50:14,92.6,47.433937,19.244666,43.650833,7.20256,Landed,Budapest,Magyarország,Nizza,Franciaország
440241.0,,,,2025-05-11,07:04:19,08:27:08,82.8,43.656464,7.21591,47.443108,19.229824,Landed,Nizza,Franciaország,Budapest,Magyarország
440241.0,,,,2025-05-14,05:35:14,13:09:01,453.8,47.432739,19.277985,16.730268,-22.948919,Landed,Ecser,Magyarország,Espargos,Zöld-foki Köztársaság
440241.0,,,,2025-05-14,14:06:02,08:15:16,2529.2,16.730896,-22.948946,47.427967,19.285777,Landed,Espargos,Zöld-foki Köztársaság,Ecser,Magyarország
440241.0,,,,2025-05-19,15:27:58,15:54:11,26.2,47.433891,19.244807,48.096828,16.587879,Landed,Budapest,Magyarország,Klein-Neusiedl,Ausztria
440241.0,,,,2025-05-30,16:13:39,16:41:38,28.0,48.093338,16.589355,47.43531,19.24243,Landed,Klein-Neusiedl,Ausztria,Budapest,Magyarország
440241.0,,,,2025-05-31,08:57:17,09:50:20,53.1,47.433609,19.245232,48.343254,11.78468,Landed,Budapest,Magyarország,Oberding,Németország
440241.0,,,,2025-05-31,11:06:30,11:27:42,21.2,48.34422,11.796859,47.790436,13.00577,Landed,Oberding,Németország,Salzburg,Ausztria
440241.0,,,,2025-06-01,06:24:45,06:42:01,17.3,47.78792,13.00739,48.343242,11.784662,Landed,Salzburg,Ausztria,Oberding,Németország
440241.0,,,,2025-06-01,08:52:02,09:40:56,48.9,48.344055,11.79495,47.442513,19.230846,Landed,,,Budapest,Magyarország
440241.0,,,,2025-06-04,08:49:32,10:09:38,80.1,47.445511,19.225937,47.442864,19.230229,Landed,,,Budapest,Magyarország
440241.0,,,,2025-06-25,08:11:42,09:38:10,86.5,47.433006,19.246145,43.65065,7.202432,Landed,,,Nizza,Franciaország
440241.0,,,,2025-06-26,10:48:20,12:03:51,75.5,43.656235,7.215271,47.442945,19.230124,Landed,,,Budapest,Magyarország
440241.0,,,,2025-06-30,08:14:02,16:55:00,521.0,47.434682,19.243469,40.699923,-74.160087,Landed,,,Newark,Amerikai Egyesült Államok
440241.0,,,,2025-07-05,23:44:32,07:09:52,445.3,40.684433,-74.173767,43.658399,7.213097,Landed,,,Nizza,Franciaország
440241.0,,,,2025-07-06,07:55:28,09:15:29,80.0,43.650078,7.207097,47.441711,19.232113,Landed,,,Budapest,Magyarország
440241.0,,,,2025-07-09,07:10:04,08:45:43,95.7,47.433053,19.246075,43.651475,7.203565,Landed,,,Nizza,Franciaország
440241.0,,,,2025-07-09,10:02:23,11:24:57,82.6,43.656967,7.216421,47.43282,19.277942,Landed,,,Ecser,Magyarország
440241.0,,,,2025-07-20,04:18:17,05:50:58,92.7,47.437042,19.271049,43.658352,7.213035,Landed,,,Nizza,Franciaország
440241.0,,,,2025-07-20,07:20:49,08:41:58,81.2,43.650171,7.207227,47.436719,19.240159,Landed,,,Budapest,Magyarország
440241.0,,,,2025-07-21,07:08:24,08:45:03,96.7,47.445761,19.225581,43.661344,7.217184,Landed,,,Nizza,Franciaország
440241.0,,,,2025-07-21,16:27:26,17:45:06,77.7,43.661204,7.222399,47.443841,19.228627,Landed,,,Budapest,Magyarország
440241.0,,,,2025-07-24,06:08:17,07:47:26,99.1,47.445715,19.225652,43.658398,7.213099,Landed,,,Nizza,Franciaország
440241.0,,,,2025-07-24,08:57:44,11:49:17,171.6,43.661577,7.222857,34.874577,33.624932,Landed,,,Lárnaka,Ciprus
440241.0,,,,2025-07-25,06:41:45,06:54:50,13.1,34.865578,33.613358,35.440693,34.069848,Landed,,,Mehmetçik,Észak-Ciprus
440241.0,,,,2025-07-25,06:55:05,08:41:35,106.5,35.471786,34.065914,45.709561,25.527008,Landed,,,Vidombák,Románia
440241.0,,,,2025-07-25,09:22:05,10:13:49,51.7,45.6996,25.516551,47.432087,19.279122,Landed,,,Ecser,Magyarország
440241.0,,,,2025-07-28,07:44:22,07:44:34,0.2,47.433334,19.245644,47.438004,19.238073,Landed,,,Budapest,Magyarország
440241.0,,,,2025-07-28,07:44:34,07:45:29,0.9,47.438034,19.237976,47.461807,19.199329,Landed,Budapest,Magyarország,Budapest,Magyarország
440241.0,,,,2025-07-28,07:45:30,07:50:33,5.1,47.461899,19.199158,47.206593,18.802208,Landed,Budapest,Magyarország,Besnyő,Magyarország
440241.0,,,,2025-07-28,07:50:33,07:51:23,0.8,47.206329,18.801865,47.139473,18.716652,Landed,Besnyő,Magyarország,Pusztaszabolcs,Magyarország
440241.0,,,,2025-07-28,07:51:23,07:53:03,1.7,47.139355,18.716478,46.999306,18.538862,Landed,Pusztaszabolcs,Magyarország,Sárkeresztúr,Magyarország
440241.0,,,,2025-07-28,07:53:03,07:53:58,0.9,46.99886,18.538302,46.918167,18.436518,Landed,Sárkeresztúr,Magyarország,Káloz,Magyarország
440241.0,,,,2025-07-28,07:53:58,07:54:43,0.7,46.917999,18.436326,46.85091,18.351991,Landed,Káloz,Magyarország,Lajoskomárom,Magyarország
440241.0,,,,2025-07-28,07:54:43,07:56:18,1.6,46.850922,18.351991,46.700317,18.163783,Landed,Lajoskomárom,Magyarország,Iregszemcse,Magyarország
440241.0,,,,2025-07-28,07:56:18,08:13:11,16.9,46.699997,18.163415,45.435694,15.657427,Landed,Iregszemcse,Magyarország,Gornja Trebinja,Horvátország
440241.0,,,,2025-07-28,08:13:12,08:17:31,4.3,45.435333,15.656629,45.127556,14.976065,Landed,Knez Gorica,Horvátország,Grad Novi Vinodolski,Horvátország
440241.0,,,,2025-07-28,08:17:31,08:18:26,0.9,45.12746,14.975772,45.062101,14.833402,Landed,Grad Novi Vinodolski,Horvátország,Grad Novi Vinodolski,Horvátország
440241.0,,,,2025-07-28,08:18:26,08:23:17,4.8,45.061635,14.832347,44.711446,14.081023,Landed,Grad Novi Vinodolski,Horvátország,,Horvátország
440241.0,,,,2025-07-28,08:23:17,08:31:41,8.4,44.71119,14.08052,44.151807,12.755634,Landed,,Horvátország,,Olaszország
440241.0,,,,2025-07-28,08:31:56,08:39:14,7.3,44.135385,12.716086,43.648263,11.567361,Landed,,Olaszország,,Olaszország
440241.0,,,,2025-07-28,08:39:14,08:39:39,0.4,43.648132,11.567071,43.620238,11.502604,Landed,,Olaszország,Faella,Olaszország
440241.0,,,,2025-07-28,08:39:39,08:41:58,2.3,43.620117,11.502366,43.465508,11.147818,Landed,Faella,Olaszország,Poggibonsi,Olaszország
440241.0,,,,2025-07-28,08:41:58,08:43:13,1.2,43.465405,11.147592,43.375734,10.98744,Landed,Poggibonsi,Olaszország,Volterra,Olaszország
440241.0,,,,2025-07-28,08:43:38,08:45:58,2.3,43.340652,10.941169,43.101286,10.722411,Landed,Volterra,Olaszország,Monterotondo Marittimo,Olaszország
440241.0,,,,2025-07-28,08:45:58,08:47:29,1.5,43.100948,10.722133,42.943532,10.583938,Landed,Monterotondo Marittimo,Olaszország,,Olaszország
440241.0,,,,2025-07-28,08:47:29,08:48:13,0.7,42.942993,10.583475,42.867519,10.508311,Landed,Piombino,Olaszország,,Olaszország
440241.0,,,,2025-07-28,08:48:14,08:49:29,1.3,42.866837,10.507246,42.774175,10.347396,Landed,,Olaszország,Portoferraio,Olaszország
440241.0,,,,2025-07-28,08:49:29,08:56:39,7.2,42.773529,10.346312,42.755624,9.392991,Landed,Portoferraio,Olaszország,Olmeta-di-Capocorso,Franciaország
440241.0,,,,2025-07-28,08:56:39,08:58:04,1.4,42.756042,9.392,42.808216,9.211829,Landed,Olmeta-di-Capocorso,Franciaország,,Franciaország
440241.0,,,,2025-07-28,08:58:04,09:08:57,10.9,42.808365,9.211162,43.123501,7.864151,Landed,,Franciaország,,
440241.0,,,,2025-07-28,09:08:57,09:14:16,5.3,43.123764,7.863081,43.344568,7.396366,Landed,,,,
440241.0,,,,2025-07-28,09:14:16,09:14:56,0.7,43.344635,7.396226,43.371835,7.342562,Landed,,,,
440241.0,,,,2025-07-28,09:14:56,09:18:21,3.4,43.371918,7.342444,43.496738,7.16002,Landed,,,,Franciaország
440241.0,,,,2025-07-28,09:18:21,09:22:38,4.3,43.496642,7.160012,43.659098,7.214061,Landed,,Franciaország,Nizza,Franciaország
440241.0,,,,2025-07-28,09:56:06,11:15:58,79.9,43.649506,7.206329,47.430302,19.282036,Landed,Nizza,Franciaország,Ecser,Magyarország
440241.0,,,,2025-08-01,11:26:06,13:05:25,99.3,47.433609,19.245163,43.656177,7.209974,Landed,Budapest,Magyarország,Nizza,Franciaország
440241.0,,,,2025-08-01,15:11:59,16:31:37,79.6,43.65087,7.208143,47.437301,19.239226,Landed,Nizza,Franciaország,Budapest,Magyarország
440241.0,,,,2025-08-01,17:27:15,17:58:02,30.8,47.445969,19.225182,48.112867,16.581098,Landed,Budapest,Magyarország,Fischamend,Ausztria
440241.0,,,,2025-08-14,17:22:09,17:53:17,31.1,48.114761,16.580292,47.436001,19.241301,Landed,Fischamend,Ausztria,Budapest,Magyarország
440241.0,,,,2025-08-15,06:57:15,08:25:57,88.7,47.433751,19.244948,43.648682,7.199707,Landed,Budapest,Magyarország,Nizza,Franciaország
440241.0,,,,2025-08-15,10:24:32,11:48:51,84.3,43.656689,7.215925,47.437546,19.238794,Landed,Nizza,Franciaország,Budapest,Magyarország
440241.0,,,,2025-08-17,13:41:48,15:15:12,93.4,47.440594,19.233891,43.661844,7.217821,Landed,Budapest,Magyarország,Nizza,Franciaország
440241.0,,,,2025-08-17,17:05:05,18:28:39,83.6,43.661636,7.222936,47.427441,19.286636,Landed,Nizza,Franciaország,Ecser,Magyarország
440241.0,,,,2025-08-27,12:07:59,16:58:02,1730.1,47.435799,19.273118,47.442329,19.23107,Landed,Budapest,Magyarország,Budapest,Magyarország
440241.0,,,,2025-08-31,19:05:07,02:00:09,14815.0,47.434982,19.242966,47.442455,19.230881,Landed,Budapest,Magyarország,Budapest,Magyarország
440241.0,,,,2025-09-25,06:11:35,10:58:46,287.2,47.437225,19.270775,24.895508,55.162988,Landed,Budapest,Magyarország,,Egyesült Arab Emírségek
440241.0,,,,2025-09-29,10:37:41,15:51:47,314.1,24.89339,55.166966,47.436986,19.239754,Landed,,Egyesült Arab Emírségek,Budapest,Magyarország
440241.0,,,,2025-09-30,05:23:17,06:55:04,91.8,47.442224,19.231215,43.649826,7.20141,Landed,Budapest,Magyarország,Nizza,Franciaország
440241.0,,,,2025-09-30,07:03:19,12:48:55,345.6,43.661259,7.212604,43.661259,7.21262,Landed,Nizza,Franciaország,Nizza,Franciaország
440241.0,,,,2025-09-30,12:51:58,12:55:36,3.6,43.661263,7.212606,43.661262,7.212606,Landed,Nizza,Franciaország,Nizza,Franciaország
440241.0,,,,2025-09-30,12:59:06,13:03:54,4.8,43.66127,7.212604,43.661259,7.21262,Landed,Nizza,Franciaország,Nizza,Franciaország
440241.0,,,,2025-09-30,13:05:56,13:08:23,2.4,43.661263,7.212623,43.661259,7.212604,Landed,Nizza,Franciaország,Nizza,Franciaország
440241.0,,,,2025-09-30,13:27:08,14:47:14,80.1,43.662321,7.218475,47.435337,19.242365,Landed,Nizza,Franciaország,Budapest,Magyarország
440241.0,,,,2025-10-10,05:44:01,06:54:29,70.5,47.433517,19.2453,47.609768,7.515404,Landed,Budapest,Magyarország,Saint-Louis,Franciaország
440241.0,,,,2025-10-16,18:44:10,20:02:20,78.2,47.613785,7.512589,47.430376,19.281816,Landed,Blotzheim,Franciaország,Ecser,Magyarország
440241.0,,,,2025-10-18,07:05:16,09:04:24,119.1,47.433472,19.245438,51.332417,0.033571,Landed,Budapest,Magyarország,London,Egyesült Királyság
440241.0,,,,2025-10-22,06:42:55,08:28:08,105.2,51.327985,0.030136,47.445389,19.226162,Landed,London,Egyesült Királyság,Budapest,Magyarország
440241.0,,,,2025-10-27,12:59:44,19:08:02,1808.3,47.435567,19.24199,47.438438,19.237404,Landed,Budapest,Magyarország,Budapest,Magyarország
440241.0,,,,2025-10-31,19:15:43,14:44:43,11249.0,47.445007,19.226761,-33.967608,18.602543,Landed,Budapest,Magyarország,Elsiesriver,Dél-Afrika
440241.0,,,,2025-11-09,19:17:28,06:47:56,690.5,-33.979223,18.606205,47.427315,19.286869,Landed,,Dél-Afrika,Ecser,Magyarország
440241.0,,,,2025-11-11,08:21:44,14:08:14,346.5,47.429947,19.282516,41.424462,19.719245,Landed,Ecser,Magyarország,Kruja,Albánia
440241.0,,,,2025-11-11,15:49:49,16:58:30,68.7,41.415344,19.720459,47.442936,19.230108,Landed,Kruja,Albánia,Budapest,Magyarország
440241.0,,,,2025-11-20,10:09:59,11:00:34,50.6,47.437958,19.269608,50.113193,14.264281,Landed,Budapest,Magyarország,Prága főváros,Csehország
440241.0,,,,2025-11-20,17:00:50,17:50:09,49.3,50.114089,14.267232,47.436428,19.240635,Landed,Prága főváros,Csehország,Budapest,Magyarország
440241.0,,,,2025-11-26,06:05:53,10:58:05,292.2,47.433105,19.245987,24.890818,55.171707,Landed,Budapest,Magyarország,,Egyesült Arab Emírségek
440241.0,,,,2025-11-29,12:16:34,17:28:16,311.7,24.894461,55.164996,47.435669,19.24185,Landed,,Egyesült Arab Emírségek,Budapest,Magyarország
440241.0,,,,2025-12-02,06:10:06,06:12:50,2.7,47.440712,19.225458,47.440716,19.225456,Landed,Budapest,Magyarország,Budapest,Magyarország
440241.0,,,,2025-12-02,08:00:48,10:04:46,124.0,47.446227,19.224807,44.827466,-0.709723,Landed,Budapest,Magyarország,Mérignac,Franciaország
440241.0,,,,2025-12-04,10:02:08,12:04:14,122.1,44.833483,-0.708417,47.443992,19.228398,Landed,Mérignac,Franciaország,Budapest,Magyarország
440241.0,,,,2025-12-04,13:44:23,14:16:01,31.6,47.445668,19.225722,48.120243,16.541325,Landed,Budapest,Magyarország,Schwechat,Ausztria
440241.0,,,,2025-12-28,15:48:19,16:18:17,30.0,48.115276,16.556537,47.435892,19.241515,Landed,Schwechat,Ausztria,Budapest,Magyarország
440241.0,,,,2025-12-29,07:56:24,20:31:22,755.0,47.433658,19.245089,33.937419,-118.38232,Landed,Budapest,Magyarország,Los Angeles,Amerikai Egyesült Államok
440241.0,,,,2025-12-30,19:44:24,01:03:22,319.0,33.937093,-118.406639,21.325301,-157.939504,Landed,Los Angeles,Amerikai Egyesült Államok,Waipahu,Amerikai Egyesült Államok
440241.0,,,,2026-01-03,18:42:15,19:04:45,22.5,21.306773,-157.930959,20.889572,-156.436024,Landed,Honolulu,Amerikai Egyesült Államok,Kahului,Amerikai Egyesült Államok
440241.0,,,,2026-01-04,03:40:53,04:05:19,24.4,20.898972,-156.42898,21.315478,-157.925008,Landed,Kahului,Amerikai Egyesült Államok,Honolulu,Amerikai Egyesült Államok
440392.0,OE-7125,PISI,,2025-05-03,22:01:57,08:35:41,633.7,32.120811,-110.94493,48.095181,16.588566,Landed,,Amerikai Egyesült Államok,Klein-Neusiedl,Ausztria
440392.0,OE-7125,PISI,,2025-05-06,09:20:06,09:49:49,29.7,48.11087,16.570198,49.151657,16.69013,Landed,Fischamend,Ausztria,Brünn,Csehország
440392.0,OE-7125,PISI,,2025-05-06,09:49:50,09:56:52,7.0,49.151575,16.691196,49.152122,16.685215,Landed,Brünn,Csehország,Brünn,Csehország
440392.0,OE-7125,PISI,,2025-05-06,09:57:00,10:03:33,6.5,49.151642,16.690838,49.151901,16.687202,Landed,Brünn,Csehország,Brünn,Csehország
440392.0,OE-7125,PISI,,2025-05-06,10:03:33,10:13:38,10.1,49.151854,16.687726,49.151951,16.686824,Landed,Brünn,Csehország,Brünn,Csehország
440392.0,OE-7125,PISI,,2025-05-06,10:13:46,10:19:23,5.6,49.151529,16.691846,49.151905,16.687211,Landed,Brünn,Csehország,Brünn,Csehország
440392.0,OE-7125,PISI,,2025-05-06,10:42:13,11:05:03,22.8,49.152413,16.681294,48.095829,16.588299,Landed,Brünn,Csehország,Klein-Neusiedl,Ausztria
440392.0,OE-7125,PISI,,2025-05-06,14:40:28,15:14:02,33.6,48.111511,16.568138,49.151722,16.689254,Landed,Fischamend,Ausztria,Brünn,Csehország
440392.0,OE-7125,PISI,,2025-05-06,15:14:07,15:23:36,9.5,49.151413,16.69281,49.151779,16.688497,Landed,Brünn,Csehország,Brünn,Csehország
440392.0,OE-7125,PISI,,2025-05-06,15:39:56,16:04:10,24.2,49.152273,16.682956,48.096562,16.588,Landed,Brünn,Csehország,Klein-Neusiedl,Ausztria
440392.0,OE-7125,PISI,,2025-05-07,07:43:56,08:09:20,25.4,48.11104,16.569566,46.985733,15.441044,Landed,Fischamend,Ausztria,Forst,Ausztria
440392.0,OE-7125,PISI,,2025-05-07,08:19:00,09:14:12,55.2,47.000244,15.437096,47.987059,10.22836,Landed,Lebern,Ausztria,Memmingerberg,Németország
440392.0,OE-7125,PISI,,2025-05-07,09:27:48,09:52:55,25.1,47.990749,10.244962,49.498913,11.07608,Landed,Memmingerberg,Németország,Nürnberg,Németország
440392.0,OE-7125,PISI,,2025-05-07,10:13:02,11:00:57,47.9,49.499725,11.067425,48.093773,16.589252,Landed,Nürnberg,Németország,Klein-Neusiedl,Ausztria
440392.0,OE-7125,PISI,,2025-05-08,06:32:56,07:05:51,32.9,48.110916,16.569992,47.43877,19.236872,Landed,Fischamend,Ausztria,Budapest,Magyarország
440392.0,OE-7125,PISI,,2025-05-08,07:40:35,08:38:40,58.1,47.433798,19.244878,42.696956,23.409869,Landed,Budapest,Magyarország,Szófia,Bulgária
440392.0,OE-7125,PISI,,2025-05-08,16:04:45,17:13:46,69.0,42.695525,23.432688,47.436699,19.240133,Landed,Szófia,Bulgária,Budapest,Magyarország
440392.0,OE-7125,PISI,,2025-05-08,17:46:37,18:16:32,29.9,47.433053,19.246075,48.095014,16.588686,Landed,Budapest,Magyarország,Klein-Neusiedl,Ausztria
440392.0,OE-7125,PISI,,2025-05-09,10:29:09,11:08:20,39.2,48.115183,16.556889,47.435881,19.241427,Landed,Schwechat,Ausztria,Budapest,Magyarország
440392.0,OE-7125,PISI,,2025-05-09,12:37:45,13:38:12,60.5,47.434356,19.243962,45.709654,25.52706,Landed,Budapest,Magyarország,Vidombák,Románia
440392.0,OE-7125,PISI,,2025-05-10,13:06:13,13:58:55,52.7,45.699783,25.516685,47.437145,19.239464,Landed,Vidombák,Románia,Budapest,Magyarország
440392.0,OE-7125,PISI,,2025-05-10,14:31:50,15:01:10,29.3,47.440641,19.233891,48.095833,16.58836,Landed,Budapest,Magyarország,Klein-Neusiedl,Ausztria
440392.0,OE-7125,PISI,,2025-05-10,15:47:10,15:48:01,0.9,48.12561,16.535832,48.125633,16.535797,Landed,Schwechat,Ausztria,Schwechat,Ausztria
440392.0,OE-7125,PISI,,2025-05-11,09:00:12,09:27:33,27.4,48.112335,16.565598,47.44376,19.228838,Landed,Schwechat,Ausztria,Budapest,Magyarország
440392.0,OE-7125,PISI,,2025-05-11,11:26:38,13:38:51,132.2,47.442317,19.231145,53.333427,-2.853522,Landed,Budapest,Magyarország,Liverpool,Egyesült Királyság
440392.0,OE-7125,PISI,,2025-05-11,18:40:46,20:44:04,123.3,53.333223,-2.858626,47.442478,19.230812,Landed,Liverpool,Egyesült Királyság,Budapest,Magyarország
440392.0,OE-7125,PISI,,2025-05-12,07:38:30,08:49:04,70.6,47.441991,19.263118,47.472855,8.548684,Landed,Budapest,Magyarország,Winkel,Svájc
440392.0,OE-7125,PISI,,2025-05-13,11:56:02,13:13:38,77.6,47.456981,8.564758,47.429654,19.283083,Landed,Kloten,Svájc,Ecser,Magyarország
440392.0,OE-7125,PISI,,2025-05-13,13:46:59,14:12:15,25.3,47.436356,19.272217,48.096492,16.588017,Landed,Budapest,Magyarország,Klein-Neusiedl,Ausztria
440392.0,OE-7125,PISI,,2025-05-20,08:12:47,08:45:37,32.8,48.105174,16.584355,47.436637,19.24023,Landed,Klein-Neusiedl,Ausztria,Budapest,Magyarország
440392.0,OE-7125,PISI,,2025-05-20,10:17:30,11:04:18,46.8,47.44078,19.233539,50.096706,14.268819,Landed,Budapest,Magyarország,Prága főváros,Csehország
440392.0,OE-7125,PISI,,2025-05-20,15:33:28,16:19:38,46.2,50.093262,14.275938,50.07811,19.787606,Landed,Prága főváros,Csehország,Balice,Lengyelország
440392.0,OE-7125,PISI,,2025-05-21,09:30:12,10:07:56,37.7,50.079346,19.796496,47.443981,19.228416,Landed,Balice,Lengyelország,Budapest,Magyarország
440392.0,OE-7125,PISI,,2025-05-21,10:41:27,11:11:19,29.9,47.442856,19.230194,48.112541,16.581221,Landed,Budapest,Magyarország,Fischamend,Ausztria
440392.0,OE-7125,PISI,,2025-06-12,09:03:59,09:35:15,31.3,48.114349,16.559418,47.437695,19.238588,Landed,Schwechat,Ausztria,Budapest,Magyarország
440392.0,OE-7125,PISI,,2025-06-12,14:07:57,17:53:49,225.9,47.434296,19.244064,63.985015,-22.608215,Landed,Budapest,Magyarország,Reykjanesbær,Izland
440392.0,OE-7125,PISI,,2025-06-13,10:15:06,15:18:26,303.3,63.985073,-22.603381,43.167762,-79.926371,Landed,Reykjanesbær,Izland,Hamilton,Kanada
440392.0,OE-7125,PISI,,2025-06-14,15:19:56,16:51:01,91.1,43.175079,-79.921641,43.909537,-92.493259,Landed,Hamilton,Kanada,Rochester,Amerikai Egyesült Államok
440392.0,OE-7125,PISI,,2025-06-14,17:50:00,20:17:40,147.7,43.896759,-92.505798,37.031227,-113.511385,Landed,Rochester,Amerikai Egyesült Államok,St. George,Amerikai Egyesült Államok
440392.0,OE-7125,PISI,,2025-06-16,16:46:52,17:33:17,46.4,37.036262,-113.510444,40.791641,-111.962082,Landed,St. George,Amerikai Egyesült Államok,Salt Lake City,Amerikai Egyesült Államok
440392.0,OE-7125,PISI,,2025-06-18,16:33:25,18:24:39,111.2,40.791367,-111.962097,32.816528,-97.360208,Landed,Salt Lake City,Amerikai Egyesült Államok,Fort Worth,Amerikai Egyesült Államok
440392.0,OE-7125,PISI,,2025-06-21,14:39:16,17:00:49,141.5,32.826645,-97.361938,26.076965,-80.172211,Landed,Fort Worth,Amerikai Egyesült Államok,Dania Beach,Amerikai Egyesült Államok
440392.0,OE-7125,PISI,,2025-06-28,00:37:19,09:42:58,545.7,26.076736,-80.142517,47.43774,19.238468,Landed,Fort Lauderdale,Amerikai Egyesült Államok,Budapest,Magyarország
440392.0,OE-7125,PISI,,2025-06-28,11:12:22,11:38:32,26.2,47.440475,19.234108,48.095558,16.588394,Landed,Budapest,Magyarország,Klein-Neusiedl,Ausztria
440392.0,OE-7125,PISI,,2025-07-09,09:14:16,09:49:50,35.6,48.111319,16.568721,47.436916,19.239807,Landed,Fischamend,Ausztria,Budapest,Magyarország
440392.0,OE-7125,PISI,,2025-07-09,12:26:52,10:55:18,4228.4,47.440018,19.234795,47.435886,19.241455,Landed,Budapest,Magyarország,Budapest,Magyarország
440392.0,OE-7125,PISI,,2025-07-12,12:01:13,12:32:14,31.0,47.440704,19.233765,48.113319,16.580858,Landed,Budapest,Magyarország,Fischamend,Ausztria
440392.0,OE-7125,PISI,,2025-07-23,09:38:07,10:12:35,34.5,48.114304,16.559486,47.437122,19.239464,Landed,Schwechat,Ausztria,Budapest,Magyarország
440392.0,OE-7125,PISI,,2025-07-23,12:40:49,14:24:12,103.4,47.441153,19.233046,42.559615,18.272627,Landed,Budapest,Magyarország,Čilipi,Horvátország
440392.0,OE-7125,PISI,,2025-07-26,10:20:32,12:26:17,125.8,42.565504,18.257744,47.441666,19.232203,Landed,Močići,Horvátország,Budapest,Magyarország
440392.0,OE-7125,PISI,,2025-07-26,13:35:18,14:04:56,29.6,47.442352,19.231087,48.097772,16.587542,Landed,Budapest,Magyarország,Klein-Neusiedl,Ausztria
440392.0,OE-7125,PISI,,2025-09-01,08:47:15,11:14:43,5907.5,48.115509,16.579989,47.61051,7.514825,Landed,Fischamend,Ausztria,Saint-Louis,Franciaország
440392.0,OE-7125,PISI,,2025-09-25,04:09:40,04:13:51,4.2,47.586349,7.525934,47.586342,7.525927,Landed,Hésingue,Franciaország,Hésingue,Franciaország
440392.0,OE-7125,PISI,,2025-09-25,04:17:15,04:30:56,13.7,47.586349,7.525934,47.586338,7.525916,Landed,Hésingue,Franciaország,Hésingue,Franciaország
440392.0,OE-7125,PISI,,2025-09-25,04:32:57,04:55:25,22.5,47.586342,7.525927,47.586314,7.525934,Landed,Hésingue,Franciaország,Hésingue,Franciaország
440392.0,OE-7125,PISI,,2025-09-25,04:58:46,06:11:50,73.1,47.591237,7.528311,47.441828,19.231902,Landed,Saint-Louis,Franciaország,Budapest,Magyarország
440392.0,OE-7125,PISI,,2025-09-25,07:42:44,08:33:43,51.0,47.442215,19.231224,50.106342,14.241245,Landed,Budapest,Magyarország,Hostivice,Csehország
440392.0,OE-7125,PISI,,2025-09-26,09:12:06,10:08:06,56.0,50.109527,14.251866,47.442776,19.2304,Landed,Kněževes,Csehország,Budapest,Magyarország
440392.0,OE-7125,PISI,,2025-09-26,10:59:17,11:33:41,34.4,47.445877,19.225319,48.119698,16.543051,Landed,Budapest,Magyarország,Schwechat,Ausztria
440392.0,OE-7125,PISI,,2025-10-01,11:29:32,12:02:16,32.7,48.094607,16.588862,47.436253,19.240889,Landed,Klein-Neusiedl,Ausztria,Budapest,Magyarország
440392.0,OE-7125,PISI,,2025-10-01,13:58:46,14:57:25,58.7,47.435986,19.241356,48.341822,11.765255,Landed,Budapest,Magyarország,Hallbergmoos,Németország
440392.0,OE-7125,PISI,,2025-10-03,10:01:33,10:59:51,58.3,48.341263,11.758681,47.437568,19.238751,Landed,Hallbergmoos,Németország,Budapest,Magyarország
440392.0,OE-7125,PISI,,2025-10-03,11:25:29,11:54:25,28.9,47.440408,19.234173,48.094141,16.589003,Landed,Budapest,Magyarország,Klein-Neusiedl,Ausztria
440392.0,OE-7125,PISI,,2025-10-12,13:25:38,13:57:12,31.6,48.114019,16.560411,47.43449,19.243807,Landed,Schwechat,Ausztria,Budapest,Magyarország
440392.0,OE-7125,PISI,,2025-10-12,16:28:51,20:20:25,231.6,47.434799,19.24324,63.991311,-22.605469,Landed,Budapest,Magyarország,Reykjanesbær,Izland
440392.0,OE-7125,PISI,,2025-10-13,09:52:58,14:13:27,4580.5,63.977858,-22.605688,26.077097,-80.151245,Landed,Reykjanesbær,Izland,Fort Lauderdale,Amerikai Egyesült Államok
440392.0,OE-7125,PISI,,2025-10-16,14:18:51,14:59:29,40.6,26.076874,-80.15283,27.901794,-82.686992,Landed,Fort Lauderdale,Amerikai Egyesült Államok,Clearwater,Amerikai Egyesült Államok
440392.0,OE-7125,PISI,,2025-10-18,13:58:10,14:37:45,39.6,27.915848,-82.689428,26.077011,-80.169931,Landed,Clearwater,Amerikai Egyesült Államok,Dania Beach,Amerikai Egyesült Államok
440392.0,OE-7125,PISI,,2025-10-24,14:21:16,13:42:10,1400.9,26.076795,-80.151232,47.437454,19.238897,Landed,Fort Lauderdale,Amerikai Egyesült Államok,Budapest,Magyarország
440392.0,OE-7125,PISI,,2025-10-25,14:51:43,15:22:37,30.9,47.441106,19.233046,48.113331,16.580841,Landed,Budapest,Magyarország,Fischamend,Ausztria
440392.0,OE-7125,PISI,,2025-11-19,11:16:28,11:46:51,30.4,48.102173,16.585648,47.437883,19.238293,Landed,Klein-Neusiedl,Ausztria,Budapest,Magyarország
440392.0,OE-7125,PISI,,2025-11-19,13:15:50,14:32:21,76.5,47.442456,19.230863,45.444551,9.2771,Landed,Budapest,Magyarország,Peschiera Borromeo,Olaszország
440392.0,OE-7125,PISI,,2025-11-19,14:42:41,14:53:21,10.7,45.456081,9.262799,45.456081,9.262799,Landed,Milánó,Olaszország,Milánó,Olaszország
440392.0,OE-7125,PISI,,2025-11-19,14:56:18,15:03:49,7.5,45.456085,9.262798,45.456085,9.262798,Landed,Milánó,Olaszország,Milánó,Olaszország
440392.0,OE-7125,PISI,,2025-11-19,15:05:46,14:51:49,1426.1,45.456085,9.262798,45.455326,9.262096,Landed,Milánó,Olaszország,Milánó,Olaszország
440392.0,OE-7125,PISI,,2025-11-20,15:09:14,15:59:19,50.1,45.441688,9.277418,48.095364,16.58848,Landed,Peschiera Borromeo,Olaszország,Klein-Neusiedl,Ausztria
440392.0,OE-7125,PISI,,2025-11-21,13:12:25,13:45:16,32.8,48.09335,16.589355,47.430279,19.282036,Landed,Klein-Neusiedl,Ausztria,Ecser,Magyarország
440392.0,OE-7125,PISI,,2025-11-25,11:56:06,13:10:34,74.5,47.437866,19.269814,47.474464,8.546505,Landed,Budapest,Magyarország,Winkel,Svájc
440392.0,OE-7125,PISI,,2025-11-26,15:43:11,16:57:37,74.4,47.45712,8.563139,47.435966,19.241386,Landed,Kloten,Svájc,Budapest,Magyarország
440392.0,OE-7125,PISI,,2025-11-26,17:18:57,17:49:27,30.5,47.440567,19.233902,48.097132,16.587753,Landed,Budapest,Magyarország,Klein-Neusiedl,Ausztria
440392.0,OE-7125,PISI,,2025-12-08,09:59:28,21:09:09,669.7,48.111832,16.567108,25.913589,-80.26943,Landed,Fischamend,Ausztria,Miami Gardens,Amerikai Egyesült Államok
44010.0,,,,2024-10-03,04:23:29,08:22:06,1678.6,36.799637,127.626654,37.458618,126.438492,Landed,도안면,Dél-Korea,Incshon,Dél-Korea
44010.0,,,,2024-10-04,08:27:29,08:33:48,6.3,37.44627,126.443382,37.44508,126.440262,Landed,Incshon,Dél-Korea,Incshon,Dél-Korea
44010.0,,,,2024-10-04,08:34:20,09:23:08,48.8,37.458344,126.428444,33.745377,126.526009,Landed,Incshon,Dél-Korea,제주시,Dél-Korea
44010.0,,,,2024-10-04,09:23:29,11:32:14,128.7,33.703215,126.50774,25.080111,121.225075,Landed,제주시,Dél-Korea,Taojüan megye,Tajvan
44010.0,,,,2024-10-04,12:59:58,15:17:51,137.9,25.06723,121.231689,15.185771,120.562447,Landed,Taojüan megye,Tajvan,Mabalacat,Fülöp-szigetek
44010.0,,,,2025-01-03,02:10:08,03:44:53,94.8,15.22998,120.578613,22.319936,113.877004,Landed,Mabalacat,Fülöp-szigetek,Hongkong,Kína
44010.0,,,,2025-03-06,23:10:39,00:45:30,94.9,22.30101,113.913241,22.317748,113.870341,Landed,Hongkong,Kína,Hongkong,Kína
